comment_counts,name,comment_value,since,sales,url,location
9,holidayshoppinglist,5,2019,42,https://www.etsy.com/uk/shop/holidayshoppinglist,"New York, United States"
29,JohnLaurenceCrafted,4.6087,2017,158,https://www.etsy.com/uk/shop/JohnLaurenceCrafted,"Papakura, New Zealand"
251,ArtefaktumUA,4.9423,2016,1325,https://www.etsy.com/uk/shop/ArtefaktumUA,"Melitopol, Ukraine"
97,MuscleManGear,4.8929,2015,883,https://www.etsy.com/uk/shop/MuscleManGear,
80,WICIstore,5,2017,214,https://www.etsy.com/uk/shop/WICIstore,"Tallinn, Estonia"
165,UkrHeart,4.931,2015,1002,https://www.etsy.com/uk/shop/UkrHeart,"Odesa, Ukraine"
722,ShadowMoon,4.9568,2009,2791,https://www.etsy.com/uk/shop/ShadowMoon,"Mission Viejo, California"
723,WarmHearthCreations,4.9037,2016,3205,https://www.etsy.com/uk/shop/WarmHearthCreations,
89,DaLeeShop,4.9483,2017,630,https://www.etsy.com/uk/shop/DaLeeShop,"Kharkiv, Ukraine"
15,SuzaShop,5,2017,38,https://www.etsy.com/uk/shop/SuzaShop,"Bruchterveld, The Netherlands"
2,ImagineDigiCreations,5,2017,22,https://www.etsy.com/uk/shop/ImagineDigiCreations,"Toronto, Canada"
77,SkullVikings,4.9828,2018,427,https://www.etsy.com/uk/shop/SkullVikings,"Reading, United Kingdom"
1034,Stephyscrochet,4.9355,2013,8780,https://www.etsy.com/uk/shop/Stephyscrochet,"El Paso, Texas"
497,OmaSewHappy,4.9792,2012,2448,https://www.etsy.com/uk/shop/OmaSewHappy,"Biloxi, Mississippi"
26,NorthSummitCreations,4.9583,2016,198,https://www.etsy.com/uk/shop/NorthSummitCreations,"Coeur d'Alene, Idaho"
1,ThePurpleMoon333,5,2016,4,https://www.etsy.com/uk/shop/ThePurpleMoon333,"Salt Lake, Utah"
656,VliegendeHollander,4.8281,2011,6592,https://www.etsy.com/uk/shop/VliegendeHollander,"Nieuwegein, The Netherlands"
42,SteelMasteryCom,5,2016,180,https://www.etsy.com/uk/shop/SteelMasteryCom,"Springfield, Massachusetts"
249,aYaHeadzofDreadz,4.9722,2011,808,https://www.etsy.com/uk/shop/aYaHeadzofDreadz,"Bude, United Kingdom"
199,ThreadTreasuresEmbro,4.9783,2015,2231,https://www.etsy.com/uk/shop/ThreadTreasuresEmbro,"Harrah, Oklahoma"
28,MerlinWallArt,5,2018,267,https://www.etsy.com/uk/shop/MerlinWallArt,"London, United Kingdom"
54,ShelleyManor,4.9767,2017,173,https://www.etsy.com/uk/shop/ShelleyManor,"Scottsdale, Arizona"
6,PurpleOctopusDesign,5,2019,49,https://www.etsy.com/uk/shop/PurpleOctopusDesign,
339,HandPrintWorkshop,4.9624,2017,1174,https://www.etsy.com/uk/shop/HandPrintWorkshop,"St Petersburg, Russia"
169,CreateHopeCuffs,5,2015,1175,https://www.etsy.com/uk/shop/CreateHopeCuffs,"Kimball, Minnesota"
44,AncientMetalFindings,4.9231,2016,163,https://www.etsy.com/uk/shop/AncientMetalFindings,"Boulder, Colorado"
1463,LaAntiguaTextiles,4.9932,2009,7246,https://www.etsy.com/uk/shop/LaAntiguaTextiles,"Rapid City, South Dakota"
12,IconicJewelryco,5,2018,91,https://www.etsy.com/uk/shop/IconicJewelryco,"Saint Clairsville, Ohio"
1182,SKDSweetKateDesigns,4.9946,2014,15056,https://www.etsy.com/uk/shop/SKDSweetKateDesigns,"Augusta, Georgia"
479,Mycyberattic,4.9848,2016,1763,https://www.etsy.com/uk/shop/Mycyberattic,"Indianapolis, Indiana"
1,JestexCorner,5,2019,18,https://www.etsy.com/uk/shop/JestexCorner,"Chicago, Illinois"
35,NyeEmporiumPahrump,5,2018,146,https://www.etsy.com/uk/shop/NyeEmporiumPahrump,"Pahrump, Nevada"
5,MIDCENTURYARCHIVE,5,2019,32,https://www.etsy.com/uk/shop/MIDCENTURYARCHIVE,"Eugene, Oregon"
1,FoxlairDesigns,5,2017,41,https://www.etsy.com/uk/shop/FoxlairDesigns,"Frederick, Maryland"
6,TheWaywardPilgrim,5,2018,28,https://www.etsy.com/uk/shop/TheWaywardPilgrim,
18,AvaGirlPatterns,4.9375,2018,271,https://www.etsy.com/uk/shop/AvaGirlPatterns,"Del Mar, California"
1,AdrianaCrochet,5,2017,4,https://www.etsy.com/uk/shop/AdrianaCrochet,"Puebla City, Mexico"
131,LaDeesAntiques,4.9889,2017,474,https://www.etsy.com/uk/shop/LaDeesAntiques,
26,SmallKatStudios,5,2016,91,https://www.etsy.com/uk/shop/SmallKatStudios,"Detroit, Michigan"
11,Sloboda33,4.5455,2019,48,https://www.etsy.com/uk/shop/Sloboda33,"Vladimir, Russia"
106,Paulaparaula,4.9884,2017,1584,https://www.etsy.com/uk/shop/Paulaparaula,"Valencia, Spain"
591,WeBGlass,4.9739,2013,1849,https://www.etsy.com/uk/shop/WeBGlass,"Greensburg, Pennsylvania"
116,SVGShopYou,4.9655,2019,682,https://www.etsy.com/uk/shop/SVGShopYou,"Los Angeles, California"
49,TurtleToppers,5,2017,334,https://www.etsy.com/uk/shop/TurtleToppers,
226,Hvitolg,4.9762,2011,612,https://www.etsy.com/uk/shop/Hvitolg,"Tallinn, Estonia"
32,BlackWolfJeweller,5,2013,143,https://www.etsy.com/uk/shop/BlackWolfJeweller,"Vancouver, Canada"
11,AntiquityStoreShop,5,2018,63,https://www.etsy.com/uk/shop/AntiquityStoreShop,
11,GraffitiVectors,5,2015,82,https://www.etsy.com/uk/shop/GraffitiVectors,
45,SwiftHammerLeather,5,2015,339,https://www.etsy.com/uk/shop/SwiftHammerLeather,"Vista, California"
109,MishMashDenver,4.8182,2017,727,https://www.etsy.com/uk/shop/MishMashDenver,"Denver, Colorado"
1404,TheNorseWind,4.9919,2015,6285,https://www.etsy.com/uk/shop/TheNorseWind,"Burgas, Bulgaria"
4,WanderlandByDrugilla,5,2018,34,https://www.etsy.com/uk/shop/WanderlandByDrugilla,"Marseille 05, France"
425,hiphooray,4.9281,2011,8830,https://www.etsy.com/uk/shop/hiphooray,"Seattle, Washington"
19,DruiDleatherhandmade,4.6154,2017,80,https://www.etsy.com/uk/shop/DruiDleatherhandmade,"Yerevan, Armenia"
200,aManCaveStore,4.9143,2015,1083,https://www.etsy.com/uk/shop/aManCaveStore,
354,TrendySnake,4.9388,2014,1812,https://www.etsy.com/uk/shop/TrendySnake,"London, United Kingdom"
26,WarCryHQ,5,2017,83,https://www.etsy.com/uk/shop/WarCryHQ,
582,MyVintageAlcove,4.96,2010,2474,https://www.etsy.com/uk/shop/MyVintageAlcove,"Hendersonville, North Carolina"
632,TeamSpiritSVG,4.9743,2016,13518,https://www.etsy.com/uk/shop/TeamSpiritSVG,
8,UlfurandLeourblaka,5,2017,32,https://www.etsy.com/uk/shop/UlfurandLeourblaka,"Baltimore, Maryland"
2,Elvyness,3,2019,5,https://www.etsy.com/uk/shop/Elvyness,"Kent, Ohio"
1937,susantique,5,2008,3996,https://www.etsy.com/uk/shop/susantique,"San Antonio, Texas"
312,CherishableDesigns,4.9769,2017,6127,https://www.etsy.com/uk/shop/CherishableDesigns,"Michigan, North Dakota"
1,OEKnives,5,2016,6,https://www.etsy.com/uk/shop/OEKnives,"Prince George, Canada"
63,SamiSashaArmbands,5,2016,158,https://www.etsy.com/uk/shop/SamiSashaArmbands,"Moscow, Russia"
120,Surtursschmiede,4.9565,2015,464,https://www.etsy.com/uk/shop/Surtursschmiede,"München, Germany"
105,IttyBittyDetailsBTQ,5,2016,690,https://www.etsy.com/uk/shop/IttyBittyDetailsBTQ,"Fargo, North Dakota"
33,MartinMalchev,5,2016,446,https://www.etsy.com/uk/shop/MartinMalchev,
12,NokturnalWoodShop,5,2014,46,https://www.etsy.com/uk/shop/NokturnalWoodShop,"San Juan, Texas"
2,CalligraphicaDesigns,5,2017,6,https://www.etsy.com/uk/shop/CalligraphicaDesigns,"Covington, Ohio"
321,EyeScandi,5,2013,1042,https://www.etsy.com/uk/shop/EyeScandi,"Phoenix, Arizona"
512,designsbynevermore,4.9048,2014,2440,https://www.etsy.com/uk/shop/designsbynevermore,"Wintersville, Ohio"
9,ArtemCaeliScriptoria,5,2010,38,https://www.etsy.com/uk/shop/ArtemCaeliScriptoria,"Edmonton, Canada"
936,FandomLoversUnite,4.9094,2016,5964,https://www.etsy.com/uk/shop/FandomLoversUnite,"Sweet Home, Oregon"
3,MyersSewingMachineCo,4.3333,2018,14,https://www.etsy.com/uk/shop/MyersSewingMachineCo,"Colorado Springs, Colorado"
60,MidModTodd,4.9773,2018,160,https://www.etsy.com/uk/shop/MidModTodd,"Overland Park, Kansas"
1376,AvantGardeDesign,4.9456,2011,10478,https://www.etsy.com/uk/shop/AvantGardeDesign,
2,HappyFridayCo,5,2017,18,https://www.etsy.com/uk/shop/HappyFridayCo,
7,DaysGonebyArtGlass,4.5714,2018,17,https://www.etsy.com/uk/shop/DaysGonebyArtGlass,
17,luluandlivvintage,5,2017,87,https://www.etsy.com/uk/shop/luluandlivvintage,"Toronto, Canada"
719,GeorgeSilver,4.9053,2015,2810,https://www.etsy.com/uk/shop/GeorgeSilver,"Yaroslavl, Russia"
3643,armstreet,4.9122,2012,13124,https://www.etsy.com/uk/shop/armstreet,
31,VictoriaSVG,3.871,2019,1105,https://www.etsy.com/uk/shop/VictoriaSVG,
161,feedtheravens,5,2011,568,https://www.etsy.com/uk/shop/feedtheravens,"Marshall, North Carolina"
71,925BeliveJewelry,4.9649,2016,567,https://www.etsy.com/uk/shop/925BeliveJewelry,"Bangkok, Thailand"
140,onnebem,5,2019,470,https://www.etsy.com/uk/shop/onnebem,"Texas City, Texas"
9,HelenJewelryStudio,4.8571,2017,44,https://www.etsy.com/uk/shop/HelenJewelryStudio,
259,SomeVintage4you,4.9173,2016,1268,https://www.etsy.com/uk/shop/SomeVintage4you,"Sumy, Ukraine"
165,CellarCo,4.9213,2016,1147,https://www.etsy.com/uk/shop/CellarCo,"Park Rapids, Minnesota"
89,theuncommongoods,4.8148,2014,673,https://www.etsy.com/uk/shop/theuncommongoods,"Ghaziabad, India"
27634,metalsupplychick,4.9472,2010,103339,https://www.etsy.com/uk/shop/metalsupplychick,"Meridian, Idaho"
50,BoBaRoBa,4.9778,2016,361,https://www.etsy.com/uk/shop/BoBaRoBa,"Lyubertsy, Russia"
490,TuesdayBlueberries,4.9902,2015,2447,https://www.etsy.com/uk/shop/TuesdayBlueberries,"Minneapolis, Minnesota"
84,HappyWatercolorShop,5,2017,1193,https://www.etsy.com/uk/shop/HappyWatercolorShop,"Kharkiv, Ukraine"
1151,FaeMoonWolfDesigns,4.8743,2013,4562,https://www.etsy.com/uk/shop/FaeMoonWolfDesigns,"South Fork, Colorado"
2477,TheDancingHound,4.9338,2014,13120,https://www.etsy.com/uk/shop/TheDancingHound,"Kelowna, Canada"
2567,MountainDreads,4.9187,2012,18931,https://www.etsy.com/uk/shop/MountainDreads,"Darwin, Australia"
109,SikaStitch,4.9792,2016,1114,https://www.etsy.com/uk/shop/SikaStitch,"Taupo, New Zealand"
2129,HumphreysHandmade,4.8685,2010,7565,https://www.etsy.com/uk/shop/HumphreysHandmade,"Johnstown, Ohio"
49,ChuntekIndustries,4.9231,2016,237,https://www.etsy.com/uk/shop/ChuntekIndustries,
82,PaganRebels,4.7727,2015,421,https://www.etsy.com/uk/shop/PaganRebels,
377,RavenWoodGripsLLC,4.8615,2014,1986,https://www.etsy.com/uk/shop/RavenWoodGripsLLC,"Falcon, Colorado"
38,LIBERTYSEWINGSERVICE,4.9615,2015,379,https://www.etsy.com/uk/shop/LIBERTYSEWINGSERVICE,"Greenville, South Carolina"
1,Replicartzshop,4,2019,67,https://www.etsy.com/uk/shop/Replicartzshop,
1204,MorganasCollection,4.8851,2011,5288,https://www.etsy.com/uk/shop/MorganasCollection,"Trois-Rivières, Canada"
788,BBCraftsCollectables,4.9339,2016,5770,https://www.etsy.com/uk/shop/BBCraftsCollectables,"Clinton, Michigan"
266,CoeurdeMithril,4.7664,2014,1431,https://www.etsy.com/uk/shop/CoeurdeMithril,"Saint-Félicien, Canada"
1014,CuteLittleSigns,4.9933,2012,5917,https://www.etsy.com/uk/shop/CuteLittleSigns,"Minot, North Dakota"
5501,donebetter,4.95,2015,25497,https://www.etsy.com/uk/shop/donebetter,"Dennis Port, Massachusetts"
61,Toraxacum,4.9661,2016,223,https://www.etsy.com/uk/shop/Toraxacum,"Lenzkirch, Germany"
21,RobotViking,5,2014,62,https://www.etsy.com/uk/shop/RobotViking,"Germantown, Maryland"
66,RoseMetalsJewelry,5,2010,147,https://www.etsy.com/uk/shop/RoseMetalsJewelry,"Troy, New York"
39,TheHoneybirdCompany,4.9231,2010,331,https://www.etsy.com/uk/shop/TheHoneybirdCompany,"Atlanta, Georgia"
19,dustblossomvintage,5,2018,93,https://www.etsy.com/uk/shop/dustblossomvintage,
33,jakSavageFashion,5,2016,158,https://www.etsy.com/uk/shop/jakSavageFashion,"Sacramento, California"
93,Waitingforgeorge,5,2013,295,https://www.etsy.com/uk/shop/Waitingforgeorge,"Johannesburg, South Africa"
18,KnitPickerLNP,5,2012,61,https://www.etsy.com/uk/shop/KnitPickerLNP,"Independence, Missouri"
13,IntoTheFlipside,5,2017,60,https://www.etsy.com/uk/shop/IntoTheFlipside,"London, United Kingdom"
64,BuyGonesAntiques,5,2014,239,https://www.etsy.com/uk/shop/BuyGonesAntiques,"Sauk Rapids, Minnesota"
268,AmishLeatherWorks,4.9712,2015,1395,https://www.etsy.com/uk/shop/AmishLeatherWorks,"Orleans, Indiana"
523,BusyMomsCrochet,4.9815,2010,2409,https://www.etsy.com/uk/shop/BusyMomsCrochet,"Iona, Idaho"
1125,Serrelynda,4.9571,2009,3314,https://www.etsy.com/uk/shop/Serrelynda,"Spring Valley, California"
37,VikingSunWovenTrim,5,2018,134,https://www.etsy.com/uk/shop/VikingSunWovenTrim,"Šiauliai, Lithuania"
448,KatelynsKreativeS,4.9091,2011,4890,https://www.etsy.com/uk/shop/KatelynsKreativeS,"Bossier City, Louisiana"
9,VulturesNestAntiques,5,2017,75,https://www.etsy.com/uk/shop/VulturesNestAntiques,"Leicester, United Kingdom"
81,BriarandtheRose,5,2006,241,https://www.etsy.com/uk/shop/BriarandtheRose,"San Diego, California"
92,GlitterbeardsCrafts,4.8913,2018,326,https://www.etsy.com/uk/shop/GlitterbeardsCrafts,"Peacehaven, United Kingdom"
17,JHobbinsArtWoodwork,5,2014,63,https://www.etsy.com/uk/shop/JHobbinsArtWoodwork,"North Salt Lake, Utah"
621,GoodSpiritWolf,4.8684,2012,2423,https://www.etsy.com/uk/shop/GoodSpiritWolf,"Indianapolis, Indiana"
3322,PAKABONE,4.9396,2014,19888,https://www.etsy.com/uk/shop/PAKABONE,"Kyiv, Ukraine"
58,NorthernLitesMN,5,2018,219,https://www.etsy.com/uk/shop/NorthernLitesMN,"Eagan, Minnesota"
43,TonyAllenBernier,4.9643,2015,363,https://www.etsy.com/uk/shop/TonyAllenBernier,"Saint Michael, Minnesota"
3,SoothieFruity,5,2019,16,https://www.etsy.com/uk/shop/SoothieFruity,"Dover, Delaware"
33,usetheglass,4.9063,2017,457,https://www.etsy.com/uk/shop/usetheglass,"Los Angeles, California"
38,PrintyGuru,4.8158,2019,856,https://www.etsy.com/uk/shop/PrintyGuru,
88,FLESHnBONES,5,2017,919,https://www.etsy.com/uk/shop/FLESHnBONES,"Nice, France"
350,dreamonjewellery,4.9804,2016,1656,https://www.etsy.com/uk/shop/dreamonjewellery,"Alicante, Spain"
396,prestigiousantiques,4.9548,2015,1654,https://www.etsy.com/uk/shop/prestigiousantiques,"Athens, Greece"
940,HANALIMAde,4.93689278467,2016,1523,https://www.etsy.com/uk/shop/HANALIMAde,"Berlin, Germany"
3879,PartyByDrake,4.9202,2015,21012,https://www.etsy.com/uk/shop/PartyByDrake,"Paramus, New Jersey"
974,GATURA,4.9478,2015,4728,https://www.etsy.com/uk/shop/GATURA,
36,Shamandrums,5,2018,92,https://www.etsy.com/uk/shop/Shamandrums,"Kyiv, Ukraine"
9,UniqueTitanium,5,2018,63,https://www.etsy.com/uk/shop/UniqueTitanium,"Kyiv, Ukraine"
421,Volundr,4.9479,2014,1134,https://www.etsy.com/uk/shop/Volundr,"Warsaw, Poland"
26,simplegeometrygem,5,2017,104,https://www.etsy.com/uk/shop/simplegeometrygem,"St Petersburg, Russia"
49,CrocheturlayCrafts,5,2017,213,https://www.etsy.com/uk/shop/CrocheturlayCrafts,"Philadelphia, Pennsylvania"
23,ProjectCanoe,5,2015,144,https://www.etsy.com/uk/shop/ProjectCanoe,
127,GiftsFromCornwall,4.9587,2015,1055,https://www.etsy.com/uk/shop/GiftsFromCornwall,"Bude, United Kingdom"
837,BerlogaWorkshop,4.9319,2015,3368,https://www.etsy.com/uk/shop/BerlogaWorkshop,"Kyiv, Ukraine"
1,MeepleForge,5,2018,11,https://www.etsy.com/uk/shop/MeepleForge,"Derby, United Kingdom"
6,TheCraftRebellion,5,2018,35,https://www.etsy.com/uk/shop/TheCraftRebellion,"Brisbane, Australia"
1155,yesteryearshome,4.9908,2011,4119,https://www.etsy.com/uk/shop/yesteryearshome,"Springfield, Oregon"
124,TheCrazyCraftChics,4.9573,2017,591,https://www.etsy.com/uk/shop/TheCrazyCraftChics,
61,SassySouthernDsgnTX,5,2015,911,https://www.etsy.com/uk/shop/SassySouthernDsgnTX,"Friendswood, Texas"
483,LufolkCrafts,4.9726,2016,1742,https://www.etsy.com/uk/shop/LufolkCrafts,"Gävle, Sweden"
364,Ategina,4.9172,2015,1997,https://www.etsy.com/uk/shop/Ategina,"Faro, Portugal"
150,VICTORYRUN,4.7059,2013,534,https://www.etsy.com/uk/shop/VICTORYRUN,"Lincoln, Nebraska"
654,SymphonyOfSymbols,4.8817,2016,3786,https://www.etsy.com/uk/shop/SymphonyOfSymbols,"Moscow, Russia"
1912,SylvrThreads,4.9727,2015,6474,https://www.etsy.com/uk/shop/SylvrThreads,"Tucson, Arizona"
143,FenrirS,4.972,2018,471,https://www.etsy.com/uk/shop/FenrirS,"Warsaw, Poland"
33,OtherworldSundries,5,2017,103,https://www.etsy.com/uk/shop/OtherworldSundries,"Haverhill, Massachusetts"
90,PostersbyApollo,5,2019,1177,https://www.etsy.com/uk/shop/PostersbyApollo,
54,EvergreenInstruments,5,2016,209,https://www.etsy.com/uk/shop/EvergreenInstruments,"High Point, North Carolina"
29,Kaupeyrir,5,2018,74,https://www.etsy.com/uk/shop/Kaupeyrir,"Burntwood, United Kingdom"
438,MissVintageBox,4.9463,2013,1901,https://www.etsy.com/uk/shop/MissVintageBox,"London, United Kingdom"
209,MydnytBluBoho,4.8804,2018,893,https://www.etsy.com/uk/shop/MydnytBluBoho,"Westminster, Colorado"
51,VioletMagicShop,4.9167,2018,619,https://www.etsy.com/uk/shop/VioletMagicShop,
62,TwirlVectorMaker,4.9194,2019,1622,https://www.etsy.com/uk/shop/TwirlVectorMaker,
83,GlorifiedColoring,0,2016,304,https://www.etsy.com/uk/shop/GlorifiedColoring,"Prior Lake, Minnesota"
1660,GUSFREE,4.8677,2014,12069,https://www.etsy.com/uk/shop/GUSFREE,"Athens, Greece"
321,FlaDecals,4.8857,2016,1939,https://www.etsy.com/uk/shop/FlaDecals,"Venice, Florida"
689,NordEmporium,4.9214,2014,2236,https://www.etsy.com/uk/shop/NordEmporium,"Cork, Ireland"
590,SVGAuthority,4.9722,2018,10349,https://www.etsy.com/uk/shop/SVGAuthority,
367,lilypickford,4.9444,2006,2201,https://www.etsy.com/uk/shop/lilypickford,"Saugerties, New York"
596,AsgardScotland,4.9937,2016,3344,https://www.etsy.com/uk/shop/AsgardScotland,"Dunoon, United Kingdom"
170,MagicalForgeOfFire,4.8993,2017,523,https://www.etsy.com/uk/shop/MagicalForgeOfFire,
186,KykvendiByK,4.9727,2016,521,https://www.etsy.com/uk/shop/KykvendiByK,"Draguignan, France"
13,HollowingCreekForge,5,2016,60,https://www.etsy.com/uk/shop/HollowingCreekForge,"Bumpass, Virginia"
39,ArtbronzeShop,4.8462,2018,241,https://www.etsy.com/uk/shop/ArtbronzeShop,
349,DangerpinsShop,4.9339,2018,1940,https://www.etsy.com/uk/shop/DangerpinsShop,"Ottawa, Canada"
7529,LittleDevilDesigns,4.9822,2009,20622,https://www.etsy.com/uk/shop/LittleDevilDesigns,"Eugene, Oregon"
349,FirehousegraphicsSC,4.9542,2016,2594,https://www.etsy.com/uk/shop/FirehousegraphicsSC,"Charleston, South Carolina"
1565,BlythHouseCreations,4.9894,2007,5873,https://www.etsy.com/uk/shop/BlythHouseCreations,"Greenwood, South Carolina"
112,SagittariusCraft,4.9302,2017,446,https://www.etsy.com/uk/shop/SagittariusCraft,"Vilnius, Lithuania"
202,EQUINOXartBoutique,4.9943,2017,762,https://www.etsy.com/uk/shop/EQUINOXartBoutique,"Montreal, Canada"
1297,OrWaDesigns,4.8837,2011,5610,https://www.etsy.com/uk/shop/OrWaDesigns,"Toledo, Washington"
2947,ExpertOutfit,4.8843,2016,57124,https://www.etsy.com/uk/shop/ExpertOutfit,
1581,UniqueHistoryShop,4.8658,2016,7692,https://www.etsy.com/uk/shop/UniqueHistoryShop,"Kyiv, Ukraine"
49,Emelunashop,4.8889,2016,283,https://www.etsy.com/uk/shop/Emelunashop,"Velezzo Lomellina, Italy"
10,SkyJamesDesign,5,2017,47,https://www.etsy.com/uk/shop/SkyJamesDesign,"Palm Springs, California"
861,NeatPrettyCutFiles,4.9835,2017,17226,https://www.etsy.com/uk/shop/NeatPrettyCutFiles,"Springfield, Illinois"
14,CleverAndTrendy,5,2018,180,https://www.etsy.com/uk/shop/CleverAndTrendy,
373,RiverdaleIronworks,4.9926,2017,1762,https://www.etsy.com/uk/shop/RiverdaleIronworks,"Toronto, Canada"
77,BjorgvinDesign,4.9796,2017,310,https://www.etsy.com/uk/shop/BjorgvinDesign,"Copenhagen, Denmark"
208,TheCurious13,4.9783,2013,794,https://www.etsy.com/uk/shop/TheCurious13,"Polk City, Florida"
375,TheCraftingTreee,4.9807,2016,1628,https://www.etsy.com/uk/shop/TheCraftingTreee,"Anna, Illinois"
2,LJsCrochet,5,2008,40,https://www.etsy.com/uk/shop/LJsCrochet,"Alexandria, Minnesota"
682,RAWRdesignsByC,4.9849,2016,3534,https://www.etsy.com/uk/shop/RAWRdesignsByC,"Los Angeles, California"
871,NorthernTrader,4.8916,2015,2778,https://www.etsy.com/uk/shop/NorthernTrader,
591,MasterArks,5,2013,1853,https://www.etsy.com/uk/shop/MasterArks,"Calgary, Canada"
2153,sparrowhawk9,4.9855,2008,7314,https://www.etsy.com/uk/shop/sparrowhawk9,"Cornish, Maine"
20,CityGo,4.95,2019,443,https://www.etsy.com/uk/shop/CityGo,
10,BlueberryPlatypusCo,5,2013,188,https://www.etsy.com/uk/shop/BlueberryPlatypusCo,"Minneapolis, Minnesota"
29,Severskyvitr,5,2018,84,https://www.etsy.com/uk/shop/Severskyvitr,"Liteň, Czechia"
385,PennyBlackDesigns,4.9603,2017,3008,https://www.etsy.com/uk/shop/PennyBlackDesigns,"Plymouth, United Kingdom"
75,MakeMeRoar,5,2008,224,https://www.etsy.com/uk/shop/MakeMeRoar,"Eastbourne, United Kingdom"
151,Showmore,4.947,2018,3700,https://www.etsy.com/uk/shop/Showmore,"New York, United States"
986,LittleLiaGraphic,5,2013,9621,https://www.etsy.com/uk/shop/LittleLiaGraphic,
462,KvenlandForgeworks,4.9522,2015,1927,https://www.etsy.com/uk/shop/KvenlandForgeworks,"Pirkkala, Finland"
190,AtelierBeeFree,4.8734,2010,979,https://www.etsy.com/uk/shop/AtelierBeeFree,"Mechelen, Belgium"
6,gdcdesigns,4.8333,2019,189,https://www.etsy.com/uk/shop/gdcdesigns,
21,ArtFromItaly,4.7273,2015,199,https://www.etsy.com/uk/shop/ArtFromItaly,"Somma Lombardo, Italy"
1904,GiftChaletAuburn,4.9731,2013,9903,https://www.etsy.com/uk/shop/GiftChaletAuburn,"Rochdale, Massachusetts"
3225,PeraPeris,4.9437,2013,12224,https://www.etsy.com/uk/shop/PeraPeris,"Dippoldiswalde, Germany"
8,Ginasvinylcreations,5,2018,97,https://www.etsy.com/uk/shop/Ginasvinylcreations,"Tiffin, Ohio"
11,SewaButtononaCowsEar,5,2018,59,https://www.etsy.com/uk/shop/SewaButtononaCowsEar,"Lafayette, Indiana"
2278,SycamoonJewellery,4.9512,2011,10379,https://www.etsy.com/uk/shop/SycamoonJewellery,"Sheffield, United Kingdom"
125,Warrior12Apparel,4.9579,2018,974,https://www.etsy.com/uk/shop/Warrior12Apparel,"St Louis, Missouri"
501,PandorasArt,5,2011,2203,https://www.etsy.com/uk/shop/PandorasArt,"San Diego, California"
38,BimJones,4.8,2012,202,https://www.etsy.com/uk/shop/BimJones,"Parkton, North Carolina"
19,FernAndBrambleCo,5,2018,109,https://www.etsy.com/uk/shop/FernAndBrambleCo,"Slaithwaite, United Kingdom"
1237,Gilliauna,4.9149,2009,5057,https://www.etsy.com/uk/shop/Gilliauna,"Sumas, Washington"
438,Midgaarb,5,2015,1610,https://www.etsy.com/uk/shop/Midgaarb,"Portland, Oregon"
27,VikingBalms,4.7619,2018,96,https://www.etsy.com/uk/shop/VikingBalms,"Redding, California"
38,OldHickoryForge,4.9412,2016,147,https://www.etsy.com/uk/shop/OldHickoryForge,
11,MyLaserFantasy,5,2019,102,https://www.etsy.com/uk/shop/MyLaserFantasy,
778,ForgedCommodities,4.8739,2017,3835,https://www.etsy.com/uk/shop/ForgedCommodities,"Kyiv, Ukraine"
649,CrystalCrafCreations,4.8113,2017,3403,https://www.etsy.com/uk/shop/CrystalCrafCreations,"Ahmedabad, India"
188,ZxBx,4.9773,2016,709,https://www.etsy.com/uk/shop/ZxBx,"Kyiv, Ukraine"
243,LOVABLEPINATAS,4.8857,2016,1165,https://www.etsy.com/uk/shop/LOVABLEPINATAS,"Fleming Island, Florida"
1751,TheWickedGriffin,4.9511,2011,5409,https://www.etsy.com/uk/shop/TheWickedGriffin,"San Tan Valley, Arizona"
27,magicalcharmjewelry,4.8889,2019,147,https://www.etsy.com/uk/shop/magicalcharmjewelry,"Salem, Massachusetts"
178,MyliuDesign,4.967,2009,855,https://www.etsy.com/uk/shop/MyliuDesign,"Bristol, United Kingdom"
191,HeavyMetalFantasyArt,4.908,2017,1007,https://www.etsy.com/uk/shop/HeavyMetalFantasyArt,"Hunedoara, Romania"
1,GearAndGraith,5,2018,2,https://www.etsy.com/uk/shop/GearAndGraith,"Kirkintilloch, United Kingdom"
448,AmorArt,4.9928,2011,1492,https://www.etsy.com/uk/shop/AmorArt,
16,HeathenByNature,4.9375,2018,67,https://www.etsy.com/uk/shop/HeathenByNature,"Sioux Falls, South Dakota"
96,HatsbyKami,5,2015,744,https://www.etsy.com/uk/shop/HatsbyKami,"West Valley City, Utah"
5,StrobusForge,5,2019,21,https://www.etsy.com/uk/shop/StrobusForge,
1161,SlavMedievalShop,4.9234,2013,2887,https://www.etsy.com/uk/shop/SlavMedievalShop,"Warsaw, Poland"
6,PencilJoy,5,2016,30,https://www.etsy.com/uk/shop/PencilJoy,"Washington, D.C."
2290,FolkOfTheWood,4.9021,2011,8090,https://www.etsy.com/uk/shop/FolkOfTheWood,"Anderson, Indiana"
477,TabletopThings,4.9777,2017,2959,https://www.etsy.com/uk/shop/TabletopThings,"Medford, New Jersey"
308,TinyPlanetTreasures,4.9078,2017,1516,https://www.etsy.com/uk/shop/TinyPlanetTreasures,"London, United Kingdom"
5,HighlandforgeStudio,5,2018,22,https://www.etsy.com/uk/shop/HighlandforgeStudio,"Thunder Bay, Canada"
589,SanSanAtelier,4.8736,2014,3213,https://www.etsy.com/uk/shop/SanSanAtelier,"Madrid, Spain"
1169,HappyFiestaDesign,5,2014,14902,https://www.etsy.com/uk/shop/HappyFiestaDesign,"Berlin, Germany"
34,LePampille,5,2017,188,https://www.etsy.com/uk/shop/LePampille,
458,BeastmanCaravan,4.8939,2013,1813,https://www.etsy.com/uk/shop/BeastmanCaravan,"Hot Springs National Park, Arkansas"
25,nordwindrus,4.8571,2018,270,https://www.etsy.com/uk/shop/nordwindrus,"Moscow, Russia"
44,AGiftFromTheFire,4.8846,2017,170,https://www.etsy.com/uk/shop/AGiftFromTheFire,"Pittsburgh, Pennsylvania"
215,OlegWoodArt,4.94,2016,780,https://www.etsy.com/uk/shop/OlegWoodArt,"Sotrondio, Spain"
28,SmugglingDuds,5,2016,216,https://www.etsy.com/uk/shop/SmugglingDuds,
704,Gudbrand,4.9363,2014,4096,https://www.etsy.com/uk/shop/Gudbrand,"Berlin, Germany"
1762,WildchildDesigns77,4.991,2014,17313,https://www.etsy.com/uk/shop/WildchildDesigns77,"Trimdon, United Kingdom"
265,AsteriaAccessories1,4.9524,2018,2189,https://www.etsy.com/uk/shop/AsteriaAccessories1,"Birmingham, United Kingdom"
2546,WestWolfRenaissance,4.9653,2012,8380,https://www.etsy.com/uk/shop/WestWolfRenaissance,"Mankato, Minnesota"
172,VeinaCrafts,4.937,2017,700,https://www.etsy.com/uk/shop/VeinaCrafts,"London, United Kingdom"
782,VikingsArtifacts,4.989,2016,2343,https://www.etsy.com/uk/shop/VikingsArtifacts,"Häädemeeste, Estonia"
318,NuvaArt,4.9655,2016,998,https://www.etsy.com/uk/shop/NuvaArt,"Krosno, Poland"
10543,HandMek,4.9967,2013,54835,https://www.etsy.com/uk/shop/HandMek,
37,PatchmamaStore,4.9459,2018,307,https://www.etsy.com/uk/shop/PatchmamaStore,
64,RagnaroksEnd,4.7031,2015,315,https://www.etsy.com/uk/shop/RagnaroksEnd,"Dallas, Georgia"
2155,CraftLinds,4.9777,2014,10173,https://www.etsy.com/uk/shop/CraftLinds,"Ullapool, United Kingdom"
1249,BurlyBeardco,4.95,2010,11588,https://www.etsy.com/uk/shop/BurlyBeardco,
524,RagnarTheTrader,4.9679,2014,2439,https://www.etsy.com/uk/shop/RagnarTheTrader,"Saskatoon, Canada"
83,AyaliStudio,4.9759,2019,911,https://www.etsy.com/uk/shop/AyaliStudio,
392,TrollhillForge,4.9053,2014,1670,https://www.etsy.com/uk/shop/TrollhillForge,"Ingå, Finland"
37,WallisReidJewelry,5,2014,123,https://www.etsy.com/uk/shop/WallisReidJewelry,"Coos Bay, Oregon"
113,ImagineMetalCraft,4.8667,2014,440,https://www.etsy.com/uk/shop/ImagineMetalCraft,"Petaluma, California"
930,AmritaSPB,4.9486,2016,3631,https://www.etsy.com/uk/shop/AmritaSPB,"St Petersburg, Russia"
790,CELTICFUSIONDESIGN,4.9518,2015,2680,https://www.etsy.com/uk/shop/CELTICFUSIONDESIGN,"Ennis, Ireland"
4169,IslandTopCustomTags,4.9896,2009,17018,https://www.etsy.com/uk/shop/IslandTopCustomTags,"Lake Lure, North Carolina"
22,JennPICTURES,4.9545,2018,396,https://www.etsy.com/uk/shop/JennPICTURES,
140,TheDarkHorseWorkshop,4.9735,2007,1994,https://www.etsy.com/uk/shop/TheDarkHorseWorkshop,"Vancouver, Canada"
1,WelzArt,5,2019,6,https://www.etsy.com/uk/shop/WelzArt,
2204,TTTattoodotcom,4.91419537246,2014,12568,https://www.etsy.com/uk/shop/TTTattoodotcom,"Barcelona, Spain"
122,LuxOccultSupply,4.9426,2018,299,https://www.etsy.com/uk/shop/LuxOccultSupply,
242,ImmortalBeloveduk,4.9172,2016,840,https://www.etsy.com/uk/shop/ImmortalBeloveduk,"Earls Colne, United Kingdom"
1718,LykosLeather,4.9636,2014,8989,https://www.etsy.com/uk/shop/LykosLeather,"Sacramento, California"
3350,MAGICrebEL,4.9161,2012,16452,https://www.etsy.com/uk/shop/MAGICrebEL,
53,RazorStoneArchery,4.9167,2017,248,https://www.etsy.com/uk/shop/RazorStoneArchery,"Ozark, Missouri"
574,VikingGoodsStore,4.9252,2017,2353,https://www.etsy.com/uk/shop/VikingGoodsStore,"Dnipro, Ukraine"
9748,LitttleBits,4.9514,2008,31479,https://www.etsy.com/uk/shop/LitttleBits,"Beaver Dam, Wisconsin"
30,Swifterly,5,2014,119,https://www.etsy.com/uk/shop/Swifterly,"Stoke-on-Trent, United Kingdom"
112,TheDarkMarkCo,5,2013,433,https://www.etsy.com/uk/shop/TheDarkMarkCo,"Cloudcroft, New Mexico"
1424,mymysticgems,4.9527,2010,4617,https://www.etsy.com/uk/shop/mymysticgems,"Hoopeston, Illinois"
56,Superblades,4.7857,2018,341,https://www.etsy.com/uk/shop/Superblades,
227,ValkyrieBeardCare,4.9779,2017,823,https://www.etsy.com/uk/shop/ValkyrieBeardCare,"Portland, Oregon"
937,TATTOOSBYFRENZYFLARE,4.9449,2015,8841,https://www.etsy.com/uk/shop/TATTOOSBYFRENZYFLARE,"Brooklyn, New York"
146,TheMarmotDen,4.9459,2012,561,https://www.etsy.com/uk/shop/TheMarmotDen,
628,HeddlesandTreadles,5,2011,2635,https://www.etsy.com/uk/shop/HeddlesandTreadles,"Stromsburg, Nebraska"
4178,TheSpinnery,4.9756,2015,16366,https://www.etsy.com/uk/shop/TheSpinnery,"Carbondale, Pennsylvania"
1060,BeadPatchSupplies,4.9381,2013,4370,https://www.etsy.com/uk/shop/BeadPatchSupplies,
148,AuroraOfAsgard,4.9851,2017,839,https://www.etsy.com/uk/shop/AuroraOfAsgard,"Melksham, United Kingdom"
630,Touchwoodcraft,4.9519,2010,2128,https://www.etsy.com/uk/shop/Touchwoodcraft,"Carmarthen, United Kingdom"
10934,WulflundJewelry,4.9038,2013,43566,https://www.etsy.com/uk/shop/WulflundJewelry,"Prague, Czechia"
693,Burgschneider,4.9385,2017,2995,https://www.etsy.com/uk/shop/Burgschneider,"Frankfurt, Germany"
314,NothernFox,4.8473,2016,1223,https://www.etsy.com/uk/shop/NothernFox,"Kaliningrad, Russia"
12,PyreDesigns,5,2019,35,https://www.etsy.com/uk/shop/PyreDesigns,"Odessa, Florida"
156,ThePlugCrate,4.8333,2017,829,https://www.etsy.com/uk/shop/ThePlugCrate,"Niagara Falls, New York"
14,SvarogsHammerShop,5,2018,70,https://www.etsy.com/uk/shop/SvarogsHammerShop,"Malyn, Ukraine"
124,ChaltonStore,5,2015,681,https://www.etsy.com/uk/shop/ChaltonStore,
2573,PreppyPinkies,4.9301,2011,13953,https://www.etsy.com/uk/shop/PreppyPinkies,"Birmingham, Alabama"
16,VikingArtistry,5,2019,45,https://www.etsy.com/uk/shop/VikingArtistry,"San Diego, California"
111,HappyHollowWoodCraft,4.92,2017,481,https://www.etsy.com/uk/shop/HappyHollowWoodCraft,"Blue Mounds, Wisconsin"
47,VikingsScandinavian,4.8723,2018,297,https://www.etsy.com/uk/shop/VikingsScandinavian,"New York, United States"
21,BlackAcornWorkshop,5,2018,77,https://www.etsy.com/uk/shop/BlackAcornWorkshop,
62,Ratatoskrmarket,4.8333,2016,269,https://www.etsy.com/uk/shop/Ratatoskrmarket,
30,GiggleGarb,5,2012,105,https://www.etsy.com/uk/shop/GiggleGarb,"San Diego, California"
283,Markswallartdecor,4.9762,2017,912,https://www.etsy.com/uk/shop/Markswallartdecor,
182,KelticKaravan,4.956,2018,614,https://www.etsy.com/uk/shop/KelticKaravan,
