price,title,shop_name
98.00,"
            Kubb-The Viking Game Natural Beeswax Finish Hardwood
        ","
        greengames
    "
6.00,"
            Vikings tv show logo decal
        ","
        Ginasvinylcreations
    "
4.21,"
            Viking crochet pattern
        ","
        MakeMeRoar
    "
9.30,"
            Viking Hair Pin Hedeby - [08 HN Haithabu / G1 F-11]
        ","
        PeraPeris
    "
18.79,"
            Functional Viking Dining Hall Horn Beer Mug
        ","
        RagnaroksEnd
    "
130.00,"
            Hand forged full tang viking seax knife
        ","
        OldHickoryForge
    "
3.49,"
            Viking - Aegishjalmur - Vegvisir - Temporary Tattoo (Set of 2)
        ","
        TTTattoodotcom
    "
15.00,"
            Viking Norse Inspired Wooden Comb
        ","
        LitttleBits
    "
75.00,"
            Freyja statue, Freya, Vanadís, norse gods, wood carving altar heathen asatru viking god and goddes sculpture wooden scandinavian pantheon
        ","
        WoodCarvedSculptures
    "
39.00,"
            Goddess Holda. Handmade Wood carving. German Patroness of Agriculture and Women's Crafts. Lady Snowstorm. Viking Goddess
        ","
        AmritaSPB
    "
3.98,"
            Viking Cross Stitch Pattern Scandinavian Cross Stitch Scull Cross Stitch Viking Embroidery Pagan Cross Stitch Counted Cross Stitch
        ","
        VioletMagicShop
    "
180.00,"
            Lot of 6 Viking Drinking horn mugs Tankard for beer wine ale best gift for groomsman and bridesmaid with personalised name engraved
        ","
        theuncommongoods
    "
244.53,"
            Viking shield with carved Norse Drake ornaments
        ","
        BlackAcornWorkshop
    "
28.00,"
            Norse/Viking Altar Cloth
        ","
        LuxOccultSupply
    "
130.00,"
            Wool cloak; viking cloak; natural warm wool
        ","
        NothernFox
    "
18.99,"
            Vintage Husqvarna Viking sewing machine bobbin case bobbin hook and driver complete for model 5560 may fit other 5000 series
        ","
        LIBERTYSEWINGSERVICE
    "
35.00,"
            Handmade Hardwood Ancient Viking Jorvik Box-flute Pan-flute
        ","
        WelzArt
    "
87.32,"
            Rustic forged hammered Iron ring, Unique Men's ring made by Blacksmith, Viking ring, Iron Jewellery, Male Ring Iron Jewelry
        ","
        RiverdaleIronworks
    "
5.00,"
            Wooden Weaving Nalbind Tapestry Viking Needle Shuttle in Multiple Sizes and Exotic Woods
        ","
        WindhavenFiberTools
    "
20.75,"
            Lazee Daizee 1/2"" Viking Knit Tool - Wire Weaving Lazy Daisy
        ","
        BeadPatchSupplies
    "
20.00,"
            Viking Drinking Horn Mug / Tankard
        ","
        FARMANHANDICRAFTS
    "
20.00,"
            Viking Brooch Set - Turtle Brooches - Viking Women - Viking Garb - SCA - Viking - SCA Garb - SCA Viking - Celtic - Golden Viking Brooches
        ","
        VikingArtistry
    "
75.00,"
            Portable Leather Viking Game Board Hnefatafl Set / Groomsman Gift / Gifts for Dad / Handmade Board Game / Perfect Gift
        ","
        PyreDesigns
    "
18.63,"
            VIKING DRAKKAR SHIP Silver Pendant Charm Norse Jewelry Jewellery Pagan Heathen Vikings Ships Necklace Langskip Dragon Longship Asatru jewel
        ","
        WulflundJewelry
    "
2.50,"
            Viking Clothing Pattern PDF
        ","
        HeddlesandTreadles
    "
6.99,"
            Viking Decal
        ","
        Revolutionvinylcom
    "
100.00,"
            Linen Viking Tunic
        ","
        FellAndFair
    "
150.00,"
            Hand forged Viking axe
        ","
        YotunsWorksop
    "
5.00,"
            Handmade Bone Die, Viking Dice, Medieval Dice, Carved Dice, Betting Dice
        ","
        WarmHearthCreations
    "
17.09,"
            Engraved Viking Plugs | 5mm-51mm | 1 Pair |
        ","
        ThePlugCrate
    "
15.00,"
            Viking Inspired Beard Oil Samples ᛟ New Heathen Series! • Gifts For Men
        ","
        ValkyrieBeardCare
    "
31.05,"
            Viking Hand Stamped sterling silver rune dainty necklace, pendant, runic, nordic, norse, viking, ancient, Elder Futhark, you choose rune
        ","
        CraftLinds
    "
43.95,"
            Personalized 16 oz. Viking Beer Horn Glass with Stand Groomsmen Groomsman Gift Valentine's Day Father's Day
        ","
        PreppyPinkies
    "
29.99,"
            Game of thrones stark house viking drinking horn mug wolf carved tankard for beer wine mead ale
        ","
        5MoonSun5
    "
5.50,"
            Crochet Pattern - Lael Viking Hat - All Sizes
        ","
        Mamachee
    "
19.55,"
            Viking Brooch Set - Turtle Brooches - Viking Women - Viking Garb - SCA - Viking - SCA Garb - SCA Viking - Celtic - Golden Viking Brooches
        ","
        GiggleGarb
    "
75.00,"
            Odin statue, Allfather, Wotan, norse gods, wood carving altar heathen asatru viking god and goddes sculpture wooden scandinavian pantheon
        ","
        WoodCarvedSculptures
    "
28.00,"
            Viking Drinking Horn W/ Free Holder
        ","
        LykosLeather
    "
19.00,"
            Vegvisir, Viking Compass, Rune Jewelry, Viking, Asatru, Pagan Jewelry, LARP SCA, Reenactment, Nordic, Norse Pendant, Necklace, Solid, Rustic
        ","
        VikingGoodsStore
    "
24.97,"
            Vikings - LARP Foam Axe of Ragnar Lothbrok
        ","
        Superblades
    "
17.00,"
            Viking Bracelet, Celtic Norse Metal Bracelet, Dragon Bracelet, Viking Jewelry For Men Women, Charm Twisted Torc Vikings Bracelet, Warrior
        ","
        VikingsScandinavian
    "
13.95,"
            White Enamel Mug Cup * Viking Compass Print Design *  Enamel Cup Mug *  Camping Mug * Travel Mug * Icelandic Compass symbol viking Vegvisir
        ","
        ChaltonStore
    "
19.99,"
            Mead Horn & Stand/Drinking Horn/Feastware/Viking/Medieval Drinking Vessel/Mead
        ","
        HappyHollowWoodCraft
    "
45.99,"
            Viking Tunic Erik Medieval Cotton by Burgschneider
        ","
        Burgschneider
    "
34.95,"
            Large 24oz Viking Tankard Drinking Horn Mug
        ","
        KelticKaravan
    "
40.00,"
            Hedeby Bag Handles ~ Large Hedeby Birka Bag Handles- Wooden Bag Handles- Hedeby - Haithabu Viking Purse Handles~ Viking Purse Handles.
        ","
        ThePracticalViking
    "
50.48,"
            Odin's Ravens Huginn and Muninn on the Viking Shield Norse Mythology collection Wall Sculpture Room Home Decor Iron cold cast
        ","
        Markswallartdecor
    "
50.48,"
            Odin Ravens Huginn and Muninn on the Viking Shield Norse Mythology collection Wall Sculpture Room Home Decor Iron cold cast
        ","
        Markswallartdecor
    "
